"SourcePath","InstalledPath","Bytes","SHA256","TextSHA256"
"docs\方案探索报告.md","docs\outsource\fastener-vision-2026-10-07\方案探索报告.md","13811","8F501458B71C979FD04B0602F5BC9C1AD20A7A9B32C25910903E963E5DC11935","89C78D8EEE0FD2EE2ED7037EDDA23A151214C04F41ED6B6DC9024AB2423EECB4"
"docs\工作进展汇报.md","docs/outsource/fastener-vision-2026-10-07/工作进展汇报.md","6291","850175F1781F69CB6524DC197B44461B89DEF31B3A4A06F0033D01B8D45A405B","B2BEB23F41A9274D80F286AAAB138801EF5356D13B6E955A8A31044F4C3C7AA9"
"docs\修订方案-受控流水线.md","docs/outsource/fastener-vision-2026-10-07/修订方案-受控流水线.md","7119","C0FE29DCBCDCE133956A1F0C066CE608E1FB4324F7848D84EF8E430886941638","08A4155A6FBDDC75842A8896684DBFB2F51CB3F015C430E62BDEDA583B5C387D"
"docs\localization-dataset-audit.md","docs\outsource\fastener-vision-2026-10-07\localization-dataset-audit.md","3866","958D4BBE8F396615A5E843E0E5E753B9B872F53C9A20331B0C89BE29E72048A3","10F6D04CDB22DCD7F212E74774D8F48805879A2A72287DEA632AD78BF4006D5F"
"docs\localization-experiment-results.md","docs\outsource\fastener-vision-2026-10-07\localization-experiment-results.md","3773","DB252A73EFB79243EC172593397B4E5AF24196F5C5824DCB43F8D4AE586FBAA8","6A9F713F77FE4777CEFD7A856162840140515533D9FF07426233703AF9B4DB3C"
"docs\localization-exploration-audit.md","docs\outsource\fastener-vision-2026-10-07\localization-exploration-audit.md","13811","8F501458B71C979FD04B0602F5BC9C1AD20A7A9B32C25910903E963E5DC11935","89C78D8EEE0FD2EE2ED7037EDDA23A151214C04F41ED6B6DC9024AB2423EECB4"
"models\cnn-bn64-baseline.pt","models\cnn-bn64-baseline.pt","141642","228E941A49089FF8FD473F5AE3F3585AEA435C28D9D41D152DD4194F9EBD611C",""
"models\cnn-border-fill-best.pt","models\cnn-border-fill-best.pt","139822","70FE3DC35BB592481F43E2086EFE46B4CA5D2788D53A2B318D23A7169F7ECEC6",""
"models\hog-svm-train-only.yml","models\hog-svm-train-only.yml","8009204","DB01215A569677A653167497F31724D7D007ABBC41412543AC45628BFA53B8DB","29CCCFE95C6645B8AEBA46206BEDC21EEA1A17D93EDF34B026F1BE082AA7AA46"
"README.md","docs/outsource/fastener-vision-2026-10-07/README.md","2275","6E3884984B41D8F6238654FE2ABCD9D8ACCC9EC7775E7FC964FC5072C7BB1C7B","A94F40B9106C610BC5EE8D9F4351A18185F94588B614A3B95802671CF44DD6A7"
"results\cnn-augment.json","results\cnn-augment.json","64343","B08E4927E5F89B889D5FE872A4178B2104EFF2FD0D2ABB9645B2EF92587F5535","8B3EDFD37827408527A79C4B3463941D6AEC14E634C8C84434CB6CF69C08FEDD"
"results\cnn-border.json","results\cnn-border.json","64307","405BA294BD9079BEE811FC78D34EF53D62D5AB6918F871641C356D91F89EAA90","77DB2146579B5512F740F77D31FEAB7ED88E5BDBA3BDCBF09BC9E694B6DF7B44"
"results\cnn-noaugment.json","results\cnn-noaugment.json","64328","82129FBE34FD8F011C3F476EE5BDCB49DE5B7C24E3BBAFEDCB5B5B8AD2570EEC","9E014BED2B46AA8F9B2FEA51DDC1C7CB5A4BB7A9F21FB35F8CB39D7E2FADF089"
"results\cnn-previous.json","results\cnn-previous.json","64299","C3C002A6A12647870BDD7D24997E9848091F04636359B0BD2B74309E14AD6995","BE1A756653117F78B3D6D30080EF94AB80A6AB72821A9CC607C8DC7491C47D27"
"results\cnn-review-065.json","results\cnn-review-065.json","64274","CC2525B2CA800AE86ABDA6EF5DFCBFD78899CE9614AB24623CDA0DD53C11861B","9EFA80CCDF2A26CFF4172CE7D6C1FD957976893243B9766F6BD7936C951A8A46"
"results\controlled-cnn-augment-training.json","results\controlled-cnn-augment-training.json","4827","185822EDF05558BA1D5236945846778A71C1BEE107CB9291A74B488E6095D34C","CCD1F9AD3DFCBDA680734EF2908D0404505CC0610E999584D822D319BCD6115B"
"results\controlled-cnn-border-training.json","results\controlled-cnn-border-training.json","4864","7875618BF84336FDDF215B07929AEE49E8C97E9EE3B1FD994AD5474E60A266FC","7E0BCE847AD0F971438EF6745A59C6812DDB728BF3128177FA979ECE00CFE73A"
"results\controlled-cnn-calibrated-training.json","results\controlled-cnn-calibrated-training.json","405","84485672F312B34655F6A3042155CBC24713FCC3795799B8476764E9CCE5539C","7982942F7228CC879ABD8625AA6F392292EB935DA4397433AE8EC329AE374A62"
"results\controlled-cnn-noaugment-training.json","results\controlled-cnn-noaugment-training.json","4828","756788C3F1F98F11F1A03EEC559DC2E0A94FB6089DA62BA48122F1D6CE8C5B93","DB1C1BB940DE73F8A03347324D8DDBE3122B051D5889867ECF935F35EBB5480C"
"results\controlled-hog-training.json","results\controlled-hog-training.json","1633","E363062388A8DA0E37CE8010B67ADDA17B0DD2A2BDB34BFF2B53A9DEA4F304B3","3D92A67212184CB61602EF0ECAED16CDE7A036904CCD585EF0B11BFBC456F52F"
"results\hog-train-only.json","results\hog-train-only.json","64255","C6CBB8642D05C0E91BDCBF2CBAE9DEE8CF46EE21549366758FA4BD434DEA975F","62D8A95C8698CD2252A08313B684FE8F97A70A9EA7F4CECDC24799A65B6C649F"
"results\images\empty_center_light-0.png","results\images\empty_center_light-0.png","156178","153CB7440787F6AACD41AE1A3D0C397EED9AF2086521FAB42F8EC3B56A26A6BF",""
"results\images\empty_center_light-1.png","results\images\empty_center_light-1.png","154350","17AFC8FD12599627CCB9873E11011FCC2966E53CE72CCE7D45495D03D8E71E4B",""
"results\images\empty_gradient-0.png","results\images\empty_gradient-0.png","126689","840AE24B289857FE8DB52FA338E70DE5A2508FACBD544856736E2BA964971594",""
"results\images\empty_gradient-1.png","results\images\empty_gradient-1.png","126652","9F5DEDDDAA7802DAC8AD4D403292298895AFA53F2F6D6B595FC0E70F7EB5A6DD",""
"results\images\empty_uniform-0.png","results\images\empty_uniform-0.png","4760","57B29051DC04ED2B0E56DAD10E8F65501FC8BFA3D0172F742039C26C4EB644B7",""
"results\images\empty_uniform-1.png","results\images\empty_uniform-1.png","6975","B49865B107642D0C56952B612F507DC28D6C775F3BFDF44C31E22117C56D9FCA",""
"results\images\report.json","results\images\report.json","1802","59D59C9A30F386A17BBEBBAD4DE006AA8CDD0152C67636D2BCF1095003F373D8","5D25B34CA6733510CB2BC5F6AC18A29DD057DD7D6D632BE17BDE3DDD62C8D308"
"results\probe-cnn.json","results\probe-cnn.json","16253","6F6E522A17269A0BEE06B4EF9FD910EAA69DD68217DCF02721ECBC8C2AA54F70","7F01BDDA2888F793B5443296E097D2854F17EF698E1D9557DC44A647D776E409"
"results\probe-hog.json","results\probe-hog.json","16208","0A16A3D22A7775BCD77901CA80C41DBFF7B54EE6155FDB443E23F24C65593176","96B0672DA3F8D20A3B6503E3E949B7A7F8A09FC725A70C61BAC8DC5D443B764F"
"results\probe-yolo.json","results\probe-yolo.json","16249","F91616028B071228931507E1382C327E8631638E77D926A6A79506EB70B66AC5","43D04E7D6D90970E6DFC6044FE7DCDFD23CFF760D5740157271BF59360D42F24"
"results\yolo-reference.json","results\yolo-reference.json","64227","A495EDF0EBA314C4F54E2E17928BCA944168E2AF21B210DB380BEF7666B9B7F4","A6E704A5D711188AF863DC2F5A53CC1799ACD31FC4D7671E6F3020475153E1B5"
"sim\vision\calibrate_classifier_bn.py","sim\vision\calibrate_classifier_bn.py","3332","386B550F82EA326129CE98014C04C729296823F6CA75BF144154643A2B04CA54","C799DF6A5BCBB83288337A4B02D4FD63B6F1F83C9210231E1626440B728F0A08"
"sim\vision\compare_localizers.py","sim\vision\compare_localizers.py","3210","57860ED135DC448D913C1F7514E9912C2E79BEF7FEA846EF9719EF18D747D0FE","7CEA55419E7A078B86ECCE18ED83E99C16CC8E7E968EF27EA21C81A46CB7B6ED"
"sim\vision\controlled_classifier_study.py","sim\vision\controlled_classifier_study.py","5178","F5FF36A606F712A53DC0CA8C5F61BF68B35A6EE70CA707030AFC7D2A1F1FA7AA","0AA3147B6771329964EBAB71C75C08D65D009E0F0CFF2DE8D602792C9EF2E2B7"
"sim\vision\evaluate_class_aware.py","sim\vision\evaluate_class_aware.py","7458","9BA98068EA03B9E516AEC4BEF1C727A11638A04D94F1F252709A59EC9F9D7C59","8A1ADBAD24CF478B7C7989B74F72FD5EB84BF4D8996D3B0386E8CBA4806D190C"
"sim\vision\evaluate_fastener_classifier.py","sim\vision\evaluate_fastener_classifier.py","2518","5A902EF1067B69F0542A8B75109209F680FDF410F02214754A498B90F29F2212","691CC3451B814C747662FB9771545C1757CFFDB9A3ABF9FDCD4879496D510F98"
"sim\vision\generate_localization_dataset.py","sim\vision\generate_localization_dataset.py","3628","AC38563F6FCF094FEF4E68490A81357613EA52CB30B45248A0B53128A98EF0B8","C432B4CD6D20BA0CA8ED1CE1AB2BA4B18DEE920B4C1789577F23184E20AFA989"
"sim\vision\generate_variable_count_probe.py","sim\vision\generate_variable_count_probe.py","2058","D578866A1C6D4BD9379FBED0BD142189A4C5BAB860325D62240EA34AC68A349E","66F1AAD1579CC9FF571089B5A64D5AF067377E120C32EC54C3B297D2CD3D8C46"
"sim\vision\localization_data.py","sim\vision\localization_data.py","10042","7785D03102CEA8C5E411C67D21A27A4809B2D78F3F5AEB2DDB1A93121CA7C46C","B434267F184FFB55F61FDE1868FE71B2641ED5A4DB527DE5A7FE258901D2462A"
"sim\vision\localization_opencv.py","sim\vision\localization_opencv.py","2737","DE81E15E56496E82D1A747EA2946769213AC1E4AA6AB6973132E2DE1184835D7","037693262F410A3681236F826FFA341DE80717FAB034C805FDB22CE7791A8F47"
"sim\vision\probe_localization_backgrounds.py","sim\vision\probe_localization_backgrounds.py","1645","B455171A111BCDC94961C0EAE9E6B7B8DFFE159497CF4C88A0187B3A6AE0E907","E9D826556D856BAA6BC0E3B35278809998CCF666665A8A84273E159BABD6E7E6"
"sim\vision\test_class_aware_metrics.py","sim\vision\test_class_aware_metrics.py","1390","38FA4FC3A6D6A7A9E3F19A6827C893FE1ED134455E71B9CAC9ACD4017913D2FA","E3220B22D39C67905DE8620D6BFC3B7A4743938B9D84A57A3288D2B0D948895D"
"sim\vision\test_localization_data.py","sim\vision\test_localization_data.py","6167","554624FE0ED8B6C19C084F6EC0409572CADAF3DCC0C8C369F588388230CAAE23","E8EF184A62D7453BB433ACBAEB9332AD3294813AC9A4FC205A05EC010C6EF46B"
"sim\vision\train_fastener_classifier.py","sim\vision\train_fastener_classifier.py","5739","151F784406C27DB8CA112E42CA7BC22104D9F4E9A0F1E2C111BB4CF129CB86F1","690B6A033FA5AEF806AA03A94338299CBA4EF2E4EF9E46473AC973458482D3EE"
"sim\vision\train_hog_fastener_classifier.py","sim\vision\train_hog_fastener_classifier.py","2972","CFEF4A9711D04F4A23BE8851EEA745FF53F2B5361B3DEE76B8F6D988CE73FC5E","58E7C7CA84FFC7EA1D57B85EC65B7E7A0FD2ED8FDD355F607E623190D78773BF"
"sim\vision\train_localization_cnn.py","sim\vision\train_localization_cnn.py","1262","B9B351BA6BF382D0CA1812E4D7555E4292B6B961E693896B6461AB4FC4D29DB3","A8BCDE0ADF3B2F4D783BFD04746A3FCCB0E8CCE24086AC3DEA4E9C4AE193F6AF"
"sim\vision\train_scene_classifier.py","sim\vision\train_scene_classifier.py","4995","B91CAD0390CEAF56917E3BEB57363F14B76AD31F5485D13417CADA87A8411685","9DBF1E401333DC33D3D0D06CAAA22C2A46337F8E94CF01B7D4A7ADED6A15B500"
