"Path","Bytes","SHA256","ProjectState"
"docs\方案探索报告.md","13811","8F501458B71C979FD04B0602F5BC9C1AD20A7A9B32C25910903E963E5DC11935","byte-identical"
"docs\工作进展汇报.md","6291","850175F1781F69CB6524DC197B44461B89DEF31B3A4A06F0033D01B8D45A405B","different"
"docs\修订方案-受控流水线.md","7119","C0FE29DCBCDCE133956A1F0C066CE608E1FB4324F7848D84EF8E430886941638","different"
"docs\localization-dataset-audit.md","3866","958D4BBE8F396615A5E843E0E5E753B9B872F53C9A20331B0C89BE29E72048A3","byte-identical"
"docs\localization-experiment-results.md","3773","DB252A73EFB79243EC172593397B4E5AF24196F5C5824DCB43F8D4AE586FBAA8","byte-identical"
"docs\localization-exploration-audit.md","13811","8F501458B71C979FD04B0602F5BC9C1AD20A7A9B32C25910903E963E5DC11935","byte-identical"
"models\cnn-bn64-baseline.pt","141642","228E941A49089FF8FD473F5AE3F3585AEA435C28D9D41D152DD4194F9EBD611C","byte-identical"
"models\cnn-border-fill-best.pt","139822","70FE3DC35BB592481F43E2086EFE46B4CA5D2788D53A2B318D23A7169F7ECEC6","byte-identical"
"models\hog-svm-train-only.yml","8009204","DB01215A569677A653167497F31724D7D007ABBC41412543AC45628BFA53B8DB","text-identical-after-normalization"
"README.md","2275","6E3884984B41D8F6238654FE2ABCD9D8ACCC9EC7775E7FC964FC5072C7BB1C7B","different"
"results\cnn-augment.json","64343","B08E4927E5F89B889D5FE872A4178B2104EFF2FD0D2ABB9645B2EF92587F5535","text-identical-after-normalization"
"results\cnn-border.json","64307","405BA294BD9079BEE811FC78D34EF53D62D5AB6918F871641C356D91F89EAA90","text-identical-after-normalization"
"results\cnn-noaugment.json","64328","82129FBE34FD8F011C3F476EE5BDCB49DE5B7C24E3BBAFEDCB5B5B8AD2570EEC","text-identical-after-normalization"
"results\cnn-previous.json","64299","C3C002A6A12647870BDD7D24997E9848091F04636359B0BD2B74309E14AD6995","text-identical-after-normalization"
"results\cnn-review-065.json","64274","CC2525B2CA800AE86ABDA6EF5DFCBFD78899CE9614AB24623CDA0DD53C11861B","text-identical-after-normalization"
"results\controlled-cnn-augment-training.json","4827","185822EDF05558BA1D5236945846778A71C1BEE107CB9291A74B488E6095D34C","text-identical-after-normalization"
"results\controlled-cnn-border-training.json","4864","7875618BF84336FDDF215B07929AEE49E8C97E9EE3B1FD994AD5474E60A266FC","text-identical-after-normalization"
"results\controlled-cnn-calibrated-training.json","405","84485672F312B34655F6A3042155CBC24713FCC3795799B8476764E9CCE5539C","text-identical-after-normalization"
"results\controlled-cnn-noaugment-training.json","4828","756788C3F1F98F11F1A03EEC559DC2E0A94FB6089DA62BA48122F1D6CE8C5B93","text-identical-after-normalization"
"results\controlled-hog-training.json","1633","E363062388A8DA0E37CE8010B67ADDA17B0DD2A2BDB34BFF2B53A9DEA4F304B3","text-identical-after-normalization"
"results\hog-train-only.json","64255","C6CBB8642D05C0E91BDCBF2CBAE9DEE8CF46EE21549366758FA4BD434DEA975F","text-identical-after-normalization"
"results\images\empty_center_light-0.png","156178","153CB7440787F6AACD41AE1A3D0C397EED9AF2086521FAB42F8EC3B56A26A6BF","byte-identical"
"results\images\empty_center_light-1.png","154350","17AFC8FD12599627CCB9873E11011FCC2966E53CE72CCE7D45495D03D8E71E4B","byte-identical"
"results\images\empty_gradient-0.png","126689","840AE24B289857FE8DB52FA338E70DE5A2508FACBD544856736E2BA964971594","byte-identical"
"results\images\empty_gradient-1.png","126652","9F5DEDDDAA7802DAC8AD4D403292298895AFA53F2F6D6B595FC0E70F7EB5A6DD","byte-identical"
"results\images\empty_uniform-0.png","4760","57B29051DC04ED2B0E56DAD10E8F65501FC8BFA3D0172F742039C26C4EB644B7","byte-identical"
"results\images\empty_uniform-1.png","6975","B49865B107642D0C56952B612F507DC28D6C775F3BFDF44C31E22117C56D9FCA","byte-identical"
"results\images\report.json","1802","59D59C9A30F386A17BBEBBAD4DE006AA8CDD0152C67636D2BCF1095003F373D8","text-identical-after-normalization"
"results\probe-cnn.json","16253","6F6E522A17269A0BEE06B4EF9FD910EAA69DD68217DCF02721ECBC8C2AA54F70","text-identical-after-normalization"
"results\probe-hog.json","16208","0A16A3D22A7775BCD77901CA80C41DBFF7B54EE6155FDB443E23F24C65593176","text-identical-after-normalization"
"results\probe-yolo.json","16249","F91616028B071228931507E1382C327E8631638E77D926A6A79506EB70B66AC5","text-identical-after-normalization"
"results\yolo-reference.json","64227","A495EDF0EBA314C4F54E2E17928BCA944168E2AF21B210DB380BEF7666B9B7F4","text-identical-after-normalization"
"sim\vision\calibrate_classifier_bn.py","3332","386B550F82EA326129CE98014C04C729296823F6CA75BF144154643A2B04CA54","byte-identical"
"sim\vision\compare_localizers.py","3210","57860ED135DC448D913C1F7514E9912C2E79BEF7FEA846EF9719EF18D747D0FE","byte-identical"
"sim\vision\controlled_classifier_study.py","5178","F5FF36A606F712A53DC0CA8C5F61BF68B35A6EE70CA707030AFC7D2A1F1FA7AA","byte-identical"
"sim\vision\evaluate_class_aware.py","7458","9BA98068EA03B9E516AEC4BEF1C727A11638A04D94F1F252709A59EC9F9D7C59","byte-identical"
"sim\vision\evaluate_fastener_classifier.py","2518","5A902EF1067B69F0542A8B75109209F680FDF410F02214754A498B90F29F2212","byte-identical"
"sim\vision\generate_localization_dataset.py","3628","AC38563F6FCF094FEF4E68490A81357613EA52CB30B45248A0B53128A98EF0B8","byte-identical"
"sim\vision\generate_variable_count_probe.py","2058","D578866A1C6D4BD9379FBED0BD142189A4C5BAB860325D62240EA34AC68A349E","byte-identical"
"sim\vision\localization_data.py","10042","7785D03102CEA8C5E411C67D21A27A4809B2D78F3F5AEB2DDB1A93121CA7C46C","byte-identical"
"sim\vision\localization_opencv.py","2737","DE81E15E56496E82D1A747EA2946769213AC1E4AA6AB6973132E2DE1184835D7","byte-identical"
"sim\vision\probe_localization_backgrounds.py","1645","B455171A111BCDC94961C0EAE9E6B7B8DFFE159497CF4C88A0187B3A6AE0E907","byte-identical"
"sim\vision\test_class_aware_metrics.py","1390","38FA4FC3A6D6A7A9E3F19A6827C893FE1ED134455E71B9CAC9ACD4017913D2FA","byte-identical"
"sim\vision\test_localization_data.py","6167","554624FE0ED8B6C19C084F6EC0409572CADAF3DCC0C8C369F588388230CAAE23","byte-identical"
"sim\vision\train_fastener_classifier.py","5739","151F784406C27DB8CA112E42CA7BC22104D9F4E9A0F1E2C111BB4CF129CB86F1","byte-identical"
"sim\vision\train_hog_fastener_classifier.py","2972","CFEF4A9711D04F4A23BE8851EEA745FF53F2B5361B3DEE76B8F6D988CE73FC5E","byte-identical"
"sim\vision\train_localization_cnn.py","1262","B9B351BA6BF382D0CA1812E4D7555E4292B6B961E693896B6461AB4FC4D29DB3","byte-identical"
"sim\vision\train_scene_classifier.py","4995","B91CAD0390CEAF56917E3BEB57363F14B76AD31F5485D13417CADA87A8411685","byte-identical"
