指标名称,类别,数值,单位,测量条件,测试次数/时长,证据文件
RISC-V 核 CPI（benchmark 平均）,核级基准(仿真),2.105,CPI,iverilog 13.0；v0 两级流水（8B/PR #34 后）；CoreMark 2K/32 迭代 tb 全局 cycles/instrs 口径（含 muldiv 32 拍停顿与分支气泡，仅体检不参与评分；v0 无数据停顿锚点见 design_v0.md §2.2）,1 次仿真（21275738 cycles / 10106387 instrs）,data/logs/2026-09-23-coremark/run_v0_32iter.log
RISC-V v1 CoreMark CPI（转发开）,核级基准(仿真),2.169570,CPI,Icarus 11.0；commit a33d41e；CoreMark 2K/32 iterations；MEM+WB mem_valid 退休口径；CRC/golden 全对,1 次仿真（21926509 cycles / 10106386 retired）,data/logs/2026-10-05-partB-v1-coremark-cpi/coremark-fwd.log
RISC-V v1 CoreMark CPI（转发关）,核级基准(仿真),2.361854,CPI,Icarus 11.0；commit a33d41e；与转发档同 RTL/hex/初始状态/终止条件/计数代码；CRC/golden 全对,1 次仿真（23869806 cycles / 10106386 retired）,data/logs/2026-10-05-partB-v1-coremark-cpi/coremark-nofwd.log
RISC-V v1 转发 CoreMark CPI 降幅,核级基准(仿真),8.14,%,同一三级核仅切 ENABLE_FORWARDING；原 25% 门禁 FAIL；2026-10-05 修订硬回归下限为 8.0%,1 组双档仿真,data/logs/2026-10-05-partB-v1-coremark-cpi/summary.txt
RISC-V v1 Radix-4 CoreMark CPI（转发开）,核级基准(仿真),1.693399,CPI,Icarus 11.0；CoreMark 2K/32；Radix-4 乘法；CRC/retired 与双档一致,1 次仿真（17114141 cycles / 10106386 retired）,data/logs/2026-10-05-partB-radix4-cycle-breakdown/summary.txt
RISC-V v1 Radix-4 CoreMark CPI（转发关）,核级基准(仿真),1.885683,CPI,与转发档同 RTL/hex/终止条件/计数代码；只切 ENABLE_FORWARDING,1 次仿真（19057438 cycles / 10106386 retired）,data/logs/2026-10-05-partB-radix4-cycle-breakdown/summary.txt
RISC-V v1 Radix-4 工作点转发降幅,核级基准(仿真),10.20,%,Radix-4 同一三级核只切转发；通过 ≥8.0% 回归门禁,1 组双档仿真,data/logs/2026-10-05-partB-radix4-cycle-breakdown/summary.txt
RISC-V v1 Radix-4 独立周期降幅,核级基准(仿真),21.95,%,新 fwd 17114141 相对旧 fwd 21926509；收益只归因快速乘法,1 组前后对照,data/logs/2026-10-05-partB-radix4-cycle-breakdown/README.md
RISC-V v1 Radix-4+转发组合周期降幅,核级基准(仿真),28.30,%,新 fwd 17114141 相对原始 nofwd 23869806；组合收益不得全归因转发,1 组组合对照,data/logs/2026-10-05-partB-radix4-cycle-breakdown/README.md
RISC-V v1 Radix-4 CoreMark 乘法等待,核级基准(仿真),5113141,cycles,300773 条动态乘法×17 拍；新双档共同类别,1 次正式双档矩阵,data/logs/2026-10-05-partB-radix4-cycle-breakdown/summary.txt
RISC-V v1 转发收益乐观上界,核级分析,16.13,%,假设消除两档全部共同气泡；固定 RAW 周期差 1943297 / nofwd 理论下界 12049683；非实测性能,基于 2026-10-05 双档计数,report/llm_log/2026-10-05-partB-v1-cpi.md
RISC-V v1 CoreMark 乘法等待,核级基准(仿真),9925509,cycles,v1+转发；CoreMark 2K/32；互斥气泡分类；占总周期 45.27%,1 次正式双档矩阵,data/logs/2026-10-05-partB-v1-cycle-breakdown/summary.txt
RISC-V v1 CoreMark 除法等待,核级基准(仿真),33,cycles,v1+转发；CoreMark 2K/32；互斥气泡分类,1 次正式双档矩阵,data/logs/2026-10-05-partB-v1-cycle-breakdown/summary.txt
RISC-V v1 CoreMark load-use 等待,核级基准(仿真),650771,cycles,v1+转发；CoreMark 2K/32；互斥气泡分类,1 次正式双档矩阵,data/logs/2026-10-05-partB-v1-cycle-breakdown/summary.txt
RISC-V v1 CoreMark 控制气泡,核级基准(仿真),1243809,cycles,v1+转发；CoreMark 2K/32；互斥气泡分类,1 次正式双档矩阵,data/logs/2026-10-05-partB-v1-cycle-breakdown/summary.txt
RISC-V v1 CoreMark 无转发 RAW 等待,核级基准(仿真),1943297,cycles,v1无转发独有；恰好等于双档总周期差；转发档为 0,1 次正式双档矩阵,data/logs/2026-10-05-partB-v1-cycle-breakdown/summary.txt
RISC-V v1 CoreMark 其他气泡,核级基准(仿真),1,cycles,v1 双档相同；启动填充；互斥气泡分类,1 次正式双档矩阵,data/logs/2026-10-05-partB-v1-cycle-breakdown/summary.txt
RISC-V 核最高主频 Fmax / WNS,核级实现(OOC),Fmax 83.8 / WNS -1.935,MHz / ns,Vivado 2026.1；xc7z020clg400-1；v0 RV32IM 两级流水核 post-route；时钟约束 10 ns（目标 100 MHz）；Fmax 按 1000/(10-WNS) 外推；OOC 无 I/O 约束；未达 100 MHz（Part B 优化项）,1 次（2026-09-28 重综合）,build/reports/timing_impl.rpt；data/logs/2026-09-28-partA-closure/vivado-core.log
RISC-V 核 CoreMark/MHz,核级基准(仿真外推),1.506,CoreMark/MHz,iverilog 13.0（MSYS2 ucrt64）；v0 两级流水（PR #34 后 RTL）；coremark 2K profile（TOTAL_DATA_SIZE=2000、seeds 0/0/0x66、MEM_STATIC、-march=rv32im -O2、ITERATIONS=32）；tb 时钟 10 ns（标称 100 MHz）；ticks=21253869（移植层计时窗口 t1−t0）；CRC/golden 全对（crcfinal=0x8799）；errors_raw=1 为官方 <10s 计数不作判据；短迭代仿真外推口径,1 次仿真 × 32 迭代,data/logs/2026-09-23-coremark/run_v0_32iter.log；data/logs/2026-09-23-coremark-script-regression/run_coremark.log；解析脚本 data/scripts/coremark_score.py
RISC-V 核 CoreMark/LUT,核级基准(仿真外推),0.000938,CoreMark/MHz/LUT,CoreMark/MHz 1.506 ÷ core_top OOC post-route Slice LUT 1606；CoreMark 为 2K/32 迭代短测外推口径；10/07收口澄清单位：原值是每MHz面积归一，数值与原证据保持不变,1 次仿真 + 1 次实现,data/logs/2026-09-23-coremark/run_v0_32iter.log；build/reports/utilization_impl.rpt
RISC-V benchmark v0.1 CPI,核级基准(仿真),2.860,CPI,iverilog 13.0；固定种子整数/数组/分支/位运算/RV32M 混合负载；tb 全局 cycles/instrs,1 次仿真（3446 cycles / 1205 instrs）,data/logs/2026-09-28-partA-closure/bench.log；data/logs/2026-09-28-partA-closure/bench-cpi.log
RISC-V SoC 40MHz WNS,SoC 实现,1.153,ns,Vivado 2026.1；xc7z020clg400-1；pynq_z2_top post-route；core_clk_40 周期 25 ns；setup/hold 均通过；未下载上板,1 次（2026-09-28）,build/reports/soc_timing_impl.rpt；data/logs/2026-09-28-partA-closure/vivado-soc.log
RISC-V SoC 资源占用,SoC 实现,LUT 6276 / FF 440 / BRAM 8 / DSP 0,个,Vivado 2026.1；pynq_z2_top post-route；IMEM/DMEM 32KB；DMEM 异步读实现为分布式 RAM,1 次（2026-09-28）,build/reports/soc_utilization_impl.rpt
PicoRV32 对照 LUT / Fmax（同器件同工具 OOC）,对比实现(OOC；频率外推),regular LUT905 / 外推194.6；large LUT2006 / 外推134.3,LUT / MHz,2026-10-03；Vivado2026.1；xc7z020clg400-1；regular@5ns WNS-0.139、large@7ns WNS-0.445；外推非实点通过,regular三轮/large三轮,data/logs/2026-10-03-picorv32-compare/README.md
图像预处理延迟,预处理(仿真),显示路径 gray 1 / gauss 25 / gauss+sobel 50（单元档拍；2026-10-02 sobel 打拍后）,拍（cycles）,tb_top v0.3 实测（iverilog 13.0；SW=16 单元档；首 in_de→首 out_de 周期差）；模型 = 窗口级 1 行结构滞后（3×3 窗口需下一行流入才能算当前行）+ 常数拍；行周期单元档 21 拍、真实 720p 为 1650 拍（74.25MHz 下 gauss 路径 ≈22.3us）；§3.2 每级 3 拍为稳态标记滞后（另一口径）；scaler 快照路径为吞吐型不适用延迟口径,6 帧各 1 次（tb 断言）,data/logs/2026-10-01-vision-m2-sprint/vision-all-11tb-v03.log；2026-10-02 复验 data/logs/2026-10-02-vision-offboard/sobel-retime.log
直通 vs 帧缓存架构对比（延迟/带宽/资源）,,,,,,
端到端帧延迟（采集→OSD 显示）,,,,,,
演示动效帧率（OSD/调参面板）,,,,,,
CNN 推理单帧耗时 / 能效,,,,,,
资源占用（LUT/FF/BRAM/DSP）,核级实现(OOC),LUT 1606 / FF 401 / BRAM 0 / DSP 0,个,Vivado 2026.1；xc7z020clg400-1；v0 RV32IM 两级流水核 post-route；OOC 无 I/O 约束,1 次（2026-09-28 重综合）,build/reports/utilization_impl.rpt
模块一收口 nofwd CoreMark CPI,核级基准(仿真),1.885683,CPI,2026-10-07；RTL同96414be；运行HEAD=dcb3ef7；CoreMark2K/32；MEM+WB退休；同hex/tb；Icarus13.0/XSim2026.1计数与CRC一致,cycles=19057438 retired=10106386,data/logs/2026-10-07-module1-closure/all-final.log
模块一收口 nofwd CoreMark/MHz,核级基准(短测仿真外推),1.681271,CoreMark/MHz,2026-10-07；RTL同96414be；运行HEAD=dcb3ef7；CoreMark2K/32；MEM+WB退休；同hex/tb；Icarus13.0/XSim2026.1计数与CRC一致；不足官方10s；计时窗口t1-t0,ticks=19033218 iterations=32,data/logs/2026-10-07-module1-closure/xsim-pass/module1_nofwd.log
模块一收口 nofwd 每MHz面积归一,核级基准(仿真/实现归一),0.000834792,CoreMark/MHz/LUT,2026-10-07；RTL同96414be；运行HEAD=dcb3ef7；CoreMark2K/32；MEM+WB退休；同hex/tb；Icarus13.0/XSim2026.1计数与CRC一致；LUT取同10ns OOC资源点2014；非实板CoreMark/LUT,1组同口径对照,report/module1-closure.md；data/logs/2026-10-07-module1-closure/summary.json
模块一收口 fwd CoreMark CPI,核级基准(仿真),1.693399,CPI,2026-10-07；RTL同96414be；运行HEAD=dcb3ef7；CoreMark2K/32；MEM+WB退休；同hex/tb；Icarus13.0/XSim2026.1计数与CRC一致,cycles=17114141 retired=10106386,data/logs/2026-10-07-module1-closure/all-final.log
模块一收口 fwd CoreMark/MHz,核级基准(短测仿真外推),1.872039,CoreMark/MHz,2026-10-07；RTL同96414be；运行HEAD=dcb3ef7；CoreMark2K/32；MEM+WB退休；同hex/tb；Icarus13.0/XSim2026.1计数与CRC一致；不足官方10s；计时窗口t1-t0,ticks=17093659 iterations=32,data/logs/2026-10-07-module1-closure/xsim-pass/module1_fwd.log
模块一收口 fwd 每MHz面积归一,核级基准(仿真/实现归一),0.000870716,CoreMark/MHz/LUT,2026-10-07；RTL同96414be；运行HEAD=dcb3ef7；CoreMark2K/32；MEM+WB退休；同hex/tb；Icarus13.0/XSim2026.1计数与CRC一致；LUT取同10ns OOC资源点2150；非实板CoreMark/LUT,1组同口径对照,report/module1-closure.md；data/logs/2026-10-07-module1-closure/summary.json
模块一收口 bht1 CoreMark CPI,核级基准(仿真),1.616360,CPI,2026-10-07；RTL同96414be；运行HEAD=dcb3ef7；CoreMark2K/32；MEM+WB退休；同hex/tb；Icarus13.0/XSim2026.1计数与CRC一致,cycles=16335562 retired=10106386,data/logs/2026-10-07-module1-closure/all-final.log
模块一收口 bht1 CoreMark/MHz,核级基准(短测仿真外推),1.961260,CoreMark/MHz,2026-10-07；RTL同96414be；运行HEAD=dcb3ef7；CoreMark2K/32；MEM+WB退休；同hex/tb；Icarus13.0/XSim2026.1计数与CRC一致；不足官方10s；计时窗口t1-t0,ticks=16316039 iterations=32,data/logs/2026-10-07-module1-closure/xsim-pass/module1_bht1.log
模块一收口 bht1 每MHz面积归一,核级基准(仿真/实现归一),0.000832100,CoreMark/MHz/LUT,2026-10-07；RTL同96414be；运行HEAD=dcb3ef7；CoreMark2K/32；MEM+WB退休；同hex/tb；Icarus13.0/XSim2026.1计数与CRC一致；LUT取同10ns OOC资源点2357；非实板CoreMark/LUT,1组同口径对照,report/module1-closure.md；data/logs/2026-10-07-module1-closure/summary.json
模块一收口 bht1 CoreMark BHT命中率,核级统计(仿真),85.597009,%,2026-10-07；RTL同96414be；运行HEAD=dcb3ef7；CoreMark2K/32；MEM+WB退休；同hex/tb；Icarus13.0/XSim2026.1计数与CRC一致；ex_accept单拍事件；hit+miss=lookup,lookup=1854101 hit=1587055 miss=267046,data/logs/2026-10-07-module1-closure/all-final.log
模块一收口 bht2 CoreMark CPI,核级基准(仿真),1.606121,CPI,2026-10-07；RTL同96414be；运行HEAD=dcb3ef7；CoreMark2K/32；MEM+WB退休；同hex/tb；Icarus13.0/XSim2026.1计数与CRC一致,cycles=16232079 retired=10106386,data/logs/2026-10-07-module1-closure/all-final.log
模块一收口 bht2 CoreMark/MHz,核级基准(短测仿真外推),1.973761,CoreMark/MHz,2026-10-07；RTL同96414be；运行HEAD=dcb3ef7；CoreMark2K/32；MEM+WB退休；同hex/tb；Icarus13.0/XSim2026.1计数与CRC一致；不足官方10s；计时窗口t1-t0,ticks=16212706 iterations=32,data/logs/2026-10-07-module1-closure/xsim-pass/module1_bht2.log
模块一收口 bht2 每MHz面积归一,核级基准(仿真/实现归一),0.000786986,CoreMark/MHz/LUT,2026-10-07；RTL同96414be；运行HEAD=dcb3ef7；CoreMark2K/32；MEM+WB退休；同hex/tb；Icarus13.0/XSim2026.1计数与CRC一致；LUT取同10ns OOC资源点2508；非实板CoreMark/LUT,1组同口径对照,report/module1-closure.md；data/logs/2026-10-07-module1-closure/summary.json
模块一收口 bht2 CoreMark BHT命中率,核级统计(仿真),91.178312,%,2026-10-07；RTL同96414be；运行HEAD=dcb3ef7；CoreMark2K/32；MEM+WB退休；同hex/tb；Icarus13.0/XSim2026.1计数与CRC一致；ex_accept单拍事件；hit+miss=lookup,lookup=1854101 hit=1690538 miss=163563,data/logs/2026-10-07-module1-closure/all-final.log
模块一收口 nofwd 自写benchmark CPI,核级基准(仿真),2.365145,CPI,2026-10-07；bench_v0_1同hex/tb；checksum327535569/exit0；已接入all,cycles=2850 retired=1205,data/logs/2026-10-07-module1-closure/all-final.log
模块一收口 fwd 自写benchmark CPI,核级基准(仿真),2.010788,CPI,2026-10-07；bench_v0_1同hex/tb；checksum327535569/exit0；已接入all,cycles=2423 retired=1205,data/logs/2026-10-07-module1-closure/all-final.log
模块一收口 bht1 自写benchmark CPI,核级基准(仿真),1.975104,CPI,2026-10-07；bench_v0_1同hex/tb；checksum327535569/exit0；已接入all,cycles=2380 retired=1205,data/logs/2026-10-07-module1-closure/all-final.log
模块一收口 bht1 自写benchmark BHT命中率,核级统计(仿真),57.763975,%,同benchmark窗口；关闭档事件为0而非0%命中率,lookup=161 hit=93 miss=68,data/logs/2026-10-07-module1-closure/all-final.log
模块一收口 bht2 自写benchmark CPI,核级基准(仿真),1.951037,CPI,2026-10-07；bench_v0_1同hex/tb；checksum327535569/exit0；已接入all,cycles=2351 retired=1205,data/logs/2026-10-07-module1-closure/all-final.log
模块一收口 bht2 自写benchmark BHT命中率,核级统计(仿真),75.776398,%,同benchmark窗口；关闭档事件为0而非0%命中率,lookup=161 hit=122 miss=39,data/logs/2026-10-07-module1-closure/all-final.log
模块一收口 nofwd OOC资源/WNS,核级实现(OOC),LUT2014 / FF509 / BRAM0 / DSP0 / WNS+0.051,个 / ns,Vivado2026.1；xc7z020clg400-1；10ns；fwd/bht1/bht2 setup失败保留；hold及严重DRC通过；外部I/O不约束,1个约束点,data/logs/2026-10-07-partC-postopt/reports/v1_nofwd_10ns_postopt/utilization_impl.rpt；data/logs/2026-10-07-module1-closure/ooc-complete.log
模块一收口 fwd OOC资源/WNS,核级实现(OOC),LUT2150 / FF509 / BRAM0 / DSP0 / WNS-0.587,个 / ns,Vivado2026.1；xc7z020clg400-1；10ns；fwd/bht1/bht2 setup失败保留；hold及严重DRC通过；外部I/O不约束,1个约束点,data/logs/2026-10-07-partC-postopt/reports/v1_fwd_10ns_postopt/utilization_impl.rpt；data/logs/2026-10-07-module1-closure/ooc-complete.log
模块一收口 bht1 OOC资源/WNS,核级实现(OOC),LUT2357 / FF573 / BRAM0 / DSP0 / WNS-0.419,个 / ns,Vivado2026.1；xc7z020clg400-1；10ns；fwd/bht1/bht2 setup失败保留；hold及严重DRC通过；外部I/O不约束,1个约束点,data/logs/2026-10-07-partC-postopt/reports/v1_bht1_10ns_postopt/utilization_impl.rpt；data/logs/2026-10-07-module1-closure/ooc-complete.log
模块一收口 bht2 OOC资源/WNS,核级实现(OOC),LUT2508 / FF637 / BRAM0 / DSP0 / WNS-0.586,个 / ns,Vivado2026.1；xc7z020clg400-1；10ns；fwd/bht1/bht2 setup失败保留；hold及严重DRC通过；外部I/O不约束,1个约束点,data/logs/2026-10-07-partC-postopt/reports/v1_bht2_10ns_postopt/utilization_impl.rpt；data/logs/2026-10-07-module1-closure/ooc-complete.log
模块一收口 固定Radix-4转发收益,核级基准(仿真),10.197053,%,当前nofwd→fwd；仅切转发；>=8.0%门禁PASS,1组对照,data/logs/2026-10-07-module1-closure/summary.json
模块一收口 BHT2净周期收益,核级基准(仿真),5.153995,%,固定转发/Radix-4；fwd→bht2,1组对照,data/logs/2026-10-07-module1-closure/summary.json
模块一收口 当前nofwd到BHT2周期收益,核级基准(仿真),14.825492,%,当前Radix-4 nofwd→bht2；组合25%尽力目标未达；非阻塞；不改写历史25% FAIL,1组对照,data/logs/2026-10-07-module1-closure/summary.json
模块一收口 BHT2核最低通过约束点,核级实现(OOC),86.806 / WNS+0.538 / hold+0.167,MHz / ns / ns,Vivado2026.1；独立11.520ns综合布线；LUT2443/FF637/BRAM0/DSP0；严重DRC0；并非绝对Fmax,1个实点,data/logs/2026-10-07-module1-closure/ooc-complete.log
模块一收口 默认转发/BHT1固定布线约束点,核级时序(STA),86.806 / fwd WNS+0.933 / bht1 WNS+1.101,MHz / ns,10ns routed checkpoint重约束11.520ns；未重综合布线；hold分别+0.103/+0.088,2个STA约束点,data/logs/2026-10-07-module1-closure/ooc-complete.log
模块一收口 BHT2 SoC实现/真实上板,SoC实现/人工观察,40MHz / WNS+3.618 / WHS+0.035 / LUT6768 / FF859 / BRAM8 / DSP0,MHz / ns / 个,2026-10-07；c2bb910+声明补丁(96414be)；PYNQ-Z2；never-die-cold观察LED1101、BTN0按下0000/松开0001；本轮复用观察记录,1次下载及板前观察,data/logs/2026-10-07-partC-postopt/README.md
